<desktopflowbinary desktopflowbinaryid="2bf68cd1-c0af-4e77-af42-a259abdfdece">
  <data mimetype="image/png">ControlRepositoryImageFile_2bf68cd1-c0af-4e77-af42-a259abdfdece.png</data>
  <iscustomizable>1</iscustomizable>
  <metadata>{}</metadata>
  <mimetype>image/png</mimetype>
  <name>Desktop flow ui element screenshot</name>
  <process>
    <workflowid>82cefaf6-e92e-ef11-8e4f-002248d60bd4</workflowid>
  </process>
  <reference>controlRepo-screenshots\cd61a936-7ea7-448a-8ac5-06b4deac6dee.png</reference>
  <statecode>0</statecode>
  <statuscode>1</statuscode>
  <type>ControlRepositoryImageFile</type>
</desktopflowbinary>