<desktopflowbinary desktopflowbinaryid="8f912189-f2c1-4599-8a16-d75cf63885b7">
  <data mimetype="image/png">ControlRepositoryImageFile_8f912189-f2c1-4599-8a16-d75cf63885b7.png</data>
  <iscustomizable>1</iscustomizable>
  <metadata>{}</metadata>
  <mimetype>image/png</mimetype>
  <name>Desktop flow ui element screenshot</name>
  <process>
    <workflowid>82cefaf6-e92e-ef11-8e4f-002248d60bd4</workflowid>
  </process>
  <reference>controlRepo-screenshots\2445c9e5-0b81-4c4d-9565-33f835acbd89.png</reference>
  <statecode>0</statecode>
  <statuscode>1</statuscode>
  <type>ControlRepositoryImageFile</type>
</desktopflowbinary>