<desktopflowbinary desktopflowbinaryid="9c112908-5831-4651-a8a2-0d8a3eb33dc5">
  <data mimetype="image/png">ControlRepositoryImageFile_9c112908-5831-4651-a8a2-0d8a3eb33dc5.png</data>
  <iscustomizable>1</iscustomizable>
  <metadata>{}</metadata>
  <mimetype>image/png</mimetype>
  <name>Desktop flow ui element screenshot</name>
  <process>
    <workflowid>82cefaf6-e92e-ef11-8e4f-002248d60bd4</workflowid>
  </process>
  <reference>controlRepo-screenshots\1baa7866-15e0-4892-96cb-2a5d54dfbbdc.png</reference>
  <statecode>0</statecode>
  <statuscode>1</statuscode>
  <type>ControlRepositoryImageFile</type>
</desktopflowbinary>