<desktopflowbinary desktopflowbinaryid="584bf067-03e9-ef11-be21-000d3af22bc6">
  <data mimetype="application/json">ControlRepository_a6eec9e8-e907-4dbe-bf8c-82719d576954.json</data>
  <iscustomizable>1</iscustomizable>
  <name>Desktop flow ui elements</name>
  <process>
    <workflowid>eca4e961-03e9-ef11-be21-000d3af22bc6</workflowid>
  </process>
  <reference>controlRepo.appmask</reference>
  <statecode>0</statecode>
  <statuscode>1</statuscode>
  <type>ControlRepository</type>
</desktopflowbinary>