<desktopflowbinary desktopflowbinaryid="c611f0a0-64cb-498a-af36-6754629058eb">
  <data mimetype="image/png">ControlRepositoryImageFile_c611f0a0-64cb-498a-af36-6754629058eb.png</data>
  <iscustomizable>1</iscustomizable>
  <metadata>{}</metadata>
  <mimetype>image/png</mimetype>
  <name>Desktop flow ui element screenshot</name>
  <process>
    <workflowid>82cefaf6-e92e-ef11-8e4f-002248d60bd4</workflowid>
  </process>
  <reference>controlRepo-screenshots\f41ec8c0-aaf1-40e8-95d2-1ab683fc86d1.png</reference>
  <statecode>0</statecode>
  <statuscode>1</statuscode>
  <type>ControlRepositoryImageFile</type>
</desktopflowbinary>