<desktopflowbinary desktopflowbinaryid="b2e84680-274f-ef11-accd-000d3aca4422">
  <data mimetype="application/octet-stream">ControlRepositoryImageFile_468ac125-b4b5-4f07-8cdc-9344919e3461.png</data>
  <iscustomizable>1</iscustomizable>
  <name>Desktop flow ui element screenshot</name>
  <process>
    <workflowid>619a9479-274f-ef11-accd-000d3aca4422</workflowid>
  </process>
  <reference>controlRepo-screenshots\829db2e6-61a6-4008-84e6-f7405c9d66a1.png</reference>
  <statecode>0</statecode>
  <statuscode>1</statuscode>
  <type>ControlRepositoryImageFile</type>
</desktopflowbinary>