<desktopflowbinary desktopflowbinaryid="d2ee858f-621d-4602-a1da-d736293bb8f6">
  <data mimetype="image/png">ControlRepositoryImageFile_d2ee858f-621d-4602-a1da-d736293bb8f6.png</data>
  <iscustomizable>1</iscustomizable>
  <metadata>{}</metadata>
  <mimetype>image/png</mimetype>
  <name>Desktop flow ui element screenshot</name>
  <process>
    <workflowid>82cefaf6-e92e-ef11-8e4f-002248d60bd4</workflowid>
  </process>
  <reference>controlRepo-screenshots\f387b44e-c143-45e5-8b41-c18742de26e2.png</reference>
  <statecode>0</statecode>
  <statuscode>1</statuscode>
  <type>ControlRepositoryImageFile</type>
</desktopflowbinary>