<desktopflowbinary desktopflowbinaryid="a8ed0ffd-e92e-ef11-8e4f-002248d60bd4">
  <data mimetype="application/json">ControlRepository_abd7ebcd-bd38-42f6-96b6-e19867e182d0.json</data>
  <iscustomizable>1</iscustomizable>
  <name>Desktop flow ui elements</name>
  <process>
    <workflowid>82cefaf6-e92e-ef11-8e4f-002248d60bd4</workflowid>
  </process>
  <reference>controlRepo.appmask</reference>
  <statecode>0</statecode>
  <statuscode>1</statuscode>
  <type>ControlRepository</type>
</desktopflowbinary>