<desktopflowbinary desktopflowbinaryid="8fac74c5-22e1-4b6f-84ed-9038c41d29ef">
  <data mimetype="image/png">ControlRepositoryImageFile_8fac74c5-22e1-4b6f-84ed-9038c41d29ef.png</data>
  <iscustomizable>1</iscustomizable>
  <metadata>{}</metadata>
  <mimetype>image/png</mimetype>
  <name>Desktop flow ui element screenshot</name>
  <process>
    <workflowid>82cefaf6-e92e-ef11-8e4f-002248d60bd4</workflowid>
  </process>
  <reference>controlRepo-screenshots\250bf5cf-c171-4cfb-82f4-024d4758058e.png</reference>
  <statecode>0</statecode>
  <statuscode>1</statuscode>
  <type>ControlRepositoryImageFile</type>
</desktopflowbinary>