<desktopflowbinary desktopflowbinaryid="a2ed0ffd-e92e-ef11-8e4f-002248d60bd4">
  <data mimetype="application/json">ImageRepository_0e900232-8f7c-4878-8e36-7b934ab13764.json</data>
  <iscustomizable>1</iscustomizable>
  <name>Desktop flow images</name>
  <process>
    <workflowid>82cefaf6-e92e-ef11-8e4f-002248d60bd4</workflowid>
  </process>
  <reference>imageRepo.imgrepo</reference>
  <statecode>0</statecode>
  <statuscode>1</statuscode>
  <type>ImageRepository</type>
</desktopflowbinary>