<desktopflowbinary desktopflowbinaryid="29db14ef-a951-44ad-a067-0b9e72ca157f">
  <data mimetype="image/png">ControlRepositoryImageFile_29db14ef-a951-44ad-a067-0b9e72ca157f.png</data>
  <iscustomizable>1</iscustomizable>
  <metadata>{}</metadata>
  <mimetype>image/png</mimetype>
  <name>Desktop flow ui element screenshot</name>
  <process>
    <workflowid>82cefaf6-e92e-ef11-8e4f-002248d60bd4</workflowid>
  </process>
  <reference>controlRepo-screenshots\1fac9226-7e3d-467f-bb01-adab6b8c0bb9.png</reference>
  <statecode>0</statecode>
  <statuscode>1</statuscode>
  <type>ControlRepositoryImageFile</type>
</desktopflowbinary>