<desktopflowbinary desktopflowbinaryid="78da5efb-0fe9-ef11-be21-000d3af22bc6">
  <data mimetype="application/json">ImageRepository_a286775a-9109-4029-8dae-a7cb0e5ffc8e.json</data>
  <iscustomizable>1</iscustomizable>
  <name>Desktop flow images</name>
  <process>
    <workflowid>ee7334f5-0fe9-ef11-be21-000d3af22bc6</workflowid>
  </process>
  <reference>imageRepo.imgrepo</reference>
  <statecode>0</statecode>
  <statuscode>1</statuscode>
  <type>ImageRepository</type>
</desktopflowbinary>