<desktopflowbinary desktopflowbinaryid="25e65e85-fb22-45a0-b431-fc9ad5e9d912">
  <data mimetype="image/png">ControlRepositoryImageFile_25e65e85-fb22-45a0-b431-fc9ad5e9d912.png</data>
  <iscustomizable>1</iscustomizable>
  <metadata>{}</metadata>
  <mimetype>image/png</mimetype>
  <name>Desktop flow ui element screenshot</name>
  <process>
    <workflowid>82cefaf6-e92e-ef11-8e4f-002248d60bd4</workflowid>
  </process>
  <reference>controlRepo-screenshots\6beac988-b236-4d23-ac0f-75b89427c9d5.png</reference>
  <statecode>0</statecode>
  <statuscode>1</statuscode>
  <type>ControlRepositoryImageFile</type>
</desktopflowbinary>