<desktopflowbinary desktopflowbinaryid="61e84680-274f-ef11-accd-000d3aca4422">
  <data mimetype="application/octet-stream">ManifestFile_a6ed0ffd-e92e-ef11-8e4f-002248d60bd4.json</data>
  <iscustomizable>1</iscustomizable>
  <name>Desktop flow manifest file</name>
  <process>
    <workflowid>619a9479-274f-ef11-accd-000d3aca4422</workflowid>
  </process>
  <reference>flow.manifest</reference>
  <statecode>0</statecode>
  <statuscode>1</statuscode>
  <type>ManifestFile</type>
</desktopflowbinary>