<desktopflowbinary desktopflowbinaryid="18079a64-f82d-43d8-9f9d-6f2fde74a711">
  <data mimetype="image/png">ControlRepositoryImageFile_18079a64-f82d-43d8-9f9d-6f2fde74a711.png</data>
  <iscustomizable>1</iscustomizable>
  <metadata>{}</metadata>
  <mimetype>image/png</mimetype>
  <name>Desktop flow ui element screenshot</name>
  <process>
    <workflowid>82cefaf6-e92e-ef11-8e4f-002248d60bd4</workflowid>
  </process>
  <reference>controlRepo-screenshots\73c02319-b1aa-40dd-9070-4a816a5ed78f.png</reference>
  <statecode>0</statecode>
  <statuscode>1</statuscode>
  <type>ControlRepositoryImageFile</type>
</desktopflowbinary>