<desktopflowbinary desktopflowbinaryid="8bda5efb-0fe9-ef11-be21-000d3af22bc6">
  <data mimetype="application/json">ControlRepository_84fa7dba-44fe-4ea9-b9a6-dfafac4c7e2e.json</data>
  <iscustomizable>1</iscustomizable>
  <name>Desktop flow ui elements</name>
  <process>
    <workflowid>ee7334f5-0fe9-ef11-be21-000d3af22bc6</workflowid>
  </process>
  <reference>controlRepo.appmask</reference>
  <statecode>0</statecode>
  <statuscode>1</statuscode>
  <type>ControlRepository</type>
</desktopflowbinary>