<desktopflowbinary desktopflowbinaryid="93ae1b58-8e17-40f7-9ebc-2bb86d16e197">
  <data mimetype="image/png">ControlRepositoryImageFile_93ae1b58-8e17-40f7-9ebc-2bb86d16e197.png</data>
  <iscustomizable>1</iscustomizable>
  <metadata>{}</metadata>
  <mimetype>image/png</mimetype>
  <name>Desktop flow ui element screenshot</name>
  <process>
    <workflowid>82cefaf6-e92e-ef11-8e4f-002248d60bd4</workflowid>
  </process>
  <reference>controlRepo-screenshots\6040f9eb-7fc2-4f00-bb40-92b0c2d5ca85.png</reference>
  <statecode>0</statecode>
  <statuscode>1</statuscode>
  <type>ControlRepositoryImageFile</type>
</desktopflowbinary>