<desktopflowbinary desktopflowbinaryid="55457d1b-84e8-4652-8785-ee3434e554bc">
  <data mimetype="image/png">ControlRepositoryImageFile_55457d1b-84e8-4652-8785-ee3434e554bc.png</data>
  <iscustomizable>1</iscustomizable>
  <metadata>{}</metadata>
  <mimetype>image/png</mimetype>
  <name>Desktop flow ui element screenshot</name>
  <process>
    <workflowid>82cefaf6-e92e-ef11-8e4f-002248d60bd4</workflowid>
  </process>
  <reference>controlRepo-screenshots\0d780fc5-6ff7-4c79-9351-95f71ee491e0.png</reference>
  <statecode>0</statecode>
  <statuscode>1</statuscode>
  <type>ControlRepositoryImageFile</type>
</desktopflowbinary>