<desktopflowbinary desktopflowbinaryid="8bd9e003-7860-437a-ae6b-7db734c1c74f">
  <data mimetype="image/png">ControlRepositoryImageFile_8bd9e003-7860-437a-ae6b-7db734c1c74f.png</data>
  <iscustomizable>1</iscustomizable>
  <metadata>{}</metadata>
  <mimetype>image/png</mimetype>
  <name>Desktop flow ui element screenshot</name>
  <process>
    <workflowid>82cefaf6-e92e-ef11-8e4f-002248d60bd4</workflowid>
  </process>
  <reference>controlRepo-screenshots\8436cf4f-1fc0-4518-a35b-624ef218e7aa.png</reference>
  <statecode>0</statecode>
  <statuscode>1</statuscode>
  <type>ControlRepositoryImageFile</type>
</desktopflowbinary>