<desktopflowbinary desktopflowbinaryid="0ea2cb88-79bc-41fa-8400-2847edfef19b">
  <data mimetype="image/png">ControlRepositoryImageFile_0ea2cb88-79bc-41fa-8400-2847edfef19b.png</data>
  <iscustomizable>1</iscustomizable>
  <metadata>{}</metadata>
  <mimetype>image/png</mimetype>
  <name>Desktop flow ui element screenshot</name>
  <process>
    <workflowid>82cefaf6-e92e-ef11-8e4f-002248d60bd4</workflowid>
  </process>
  <reference>controlRepo-screenshots\912aa435-ce8e-4356-8eff-f850741517c9.png</reference>
  <statecode>0</statecode>
  <statuscode>1</statuscode>
  <type>ControlRepositoryImageFile</type>
</desktopflowbinary>