<desktopflowbinary desktopflowbinaryid="e349c2b5-add2-429f-b502-55279b62ca4b">
  <data mimetype="image/png">ControlRepositoryImageFile_e349c2b5-add2-429f-b502-55279b62ca4b.png</data>
  <iscustomizable>1</iscustomizable>
  <metadata>{}</metadata>
  <mimetype>image/png</mimetype>
  <name>Desktop flow ui element screenshot</name>
  <process>
    <workflowid>82cefaf6-e92e-ef11-8e4f-002248d60bd4</workflowid>
  </process>
  <reference>controlRepo-screenshots\f048b1cf-6303-4e00-8e4c-f833d093f5be.png</reference>
  <statecode>0</statecode>
  <statuscode>1</statuscode>
  <type>ControlRepositoryImageFile</type>
</desktopflowbinary>