<desktopflowbinary desktopflowbinaryid="a8e84680-274f-ef11-accd-000d3aca4422">
  <data mimetype="application/octet-stream">ControlRepositoryImageFile_e27e7d01-cda4-4f9a-99d0-7946da98905e.png</data>
  <iscustomizable>1</iscustomizable>
  <name>Desktop flow ui element screenshot</name>
  <process>
    <workflowid>619a9479-274f-ef11-accd-000d3aca4422</workflowid>
  </process>
  <reference>controlRepo-screenshots\f4287d2c-96ce-46cf-a26c-4354ee480359.png</reference>
  <statecode>0</statecode>
  <statuscode>1</statuscode>
  <type>ControlRepositoryImageFile</type>
</desktopflowbinary>