<desktopflowbinary desktopflowbinaryid="5d047606-694c-4872-bf6d-00d064d363ea">
  <data mimetype="image/png">ControlRepositoryImageFile_5d047606-694c-4872-bf6d-00d064d363ea.png</data>
  <iscustomizable>1</iscustomizable>
  <metadata>{}</metadata>
  <mimetype>image/png</mimetype>
  <name>Desktop flow ui element screenshot</name>
  <process>
    <workflowid>82cefaf6-e92e-ef11-8e4f-002248d60bd4</workflowid>
  </process>
  <reference>controlRepo-screenshots\32e8f77b-0401-4a8f-994b-e232cbb50b5b.png</reference>
  <statecode>0</statecode>
  <statuscode>1</statuscode>
  <type>ControlRepositoryImageFile</type>
</desktopflowbinary>