<desktopflowbinary desktopflowbinaryid="2f036c13-d519-4e1d-ba24-430010658935">
  <data mimetype="image/png">ControlRepositoryImageFile_2f036c13-d519-4e1d-ba24-430010658935.png</data>
  <iscustomizable>1</iscustomizable>
  <metadata>{}</metadata>
  <mimetype>image/png</mimetype>
  <name>Desktop flow ui element screenshot</name>
  <process>
    <workflowid>82cefaf6-e92e-ef11-8e4f-002248d60bd4</workflowid>
  </process>
  <reference>controlRepo-screenshots\75b6c02b-27f2-4adc-bf23-7e11ca20ce24.png</reference>
  <statecode>0</statecode>
  <statuscode>1</statuscode>
  <type>ControlRepositoryImageFile</type>
</desktopflowbinary>