<desktopflowbinary desktopflowbinaryid="a7bb3778-3537-4fe7-974f-c5b888c849ad">
  <data mimetype="image/png">ControlRepositoryImageFile_a7bb3778-3537-4fe7-974f-c5b888c849ad.png</data>
  <iscustomizable>1</iscustomizable>
  <metadata>{}</metadata>
  <mimetype>image/png</mimetype>
  <name>Desktop flow ui element screenshot</name>
  <process>
    <workflowid>82cefaf6-e92e-ef11-8e4f-002248d60bd4</workflowid>
  </process>
  <reference>controlRepo-screenshots\3a7edea5-fc05-46d7-b052-7fc55d3f7e8a.png</reference>
  <statecode>0</statecode>
  <statuscode>1</statuscode>
  <type>ControlRepositoryImageFile</type>
</desktopflowbinary>