<desktopflowbinary desktopflowbinaryid="5fe84680-274f-ef11-accd-000d3aca4422">
  <data mimetype="application/octet-stream">ImageRepository_ec199e85-554f-47ae-8795-bee033e63301.json</data>
  <iscustomizable>1</iscustomizable>
  <name>Desktop flow images</name>
  <process>
    <workflowid>619a9479-274f-ef11-accd-000d3aca4422</workflowid>
  </process>
  <reference>imageRepo.imgrepo</reference>
  <statecode>0</statecode>
  <statuscode>1</statuscode>
  <type>ImageRepository</type>
</desktopflowbinary>