<desktopflowbinary desktopflowbinaryid="ee69c274-9ce7-4b9b-9eb4-8b9144c175da">
  <data mimetype="image/png">ControlRepositoryImageFile_ee69c274-9ce7-4b9b-9eb4-8b9144c175da.png</data>
  <iscustomizable>1</iscustomizable>
  <metadata>{}</metadata>
  <mimetype>image/png</mimetype>
  <name>Desktop flow ui element screenshot</name>
  <process>
    <workflowid>82cefaf6-e92e-ef11-8e4f-002248d60bd4</workflowid>
  </process>
  <reference>controlRepo-screenshots\25ced728-1f82-42bd-bafc-b4f972cc8e7d.png</reference>
  <statecode>0</statecode>
  <statuscode>1</statuscode>
  <type>ControlRepositoryImageFile</type>
</desktopflowbinary>