<desktopflowbinary desktopflowbinaryid="1517b584-7ee8-ef11-be21-000d3a0aa66f">
  <data mimetype="application/json">ControlRepository_c0d4f63e-132d-49ff-bc08-99d65c4355f8.json</data>
  <iscustomizable>1</iscustomizable>
  <name>Desktop flow ui elements</name>
  <process>
    <workflowid>ffc6bc7e-7ee8-ef11-be21-000d3a0aa66f</workflowid>
  </process>
  <reference>controlRepo.appmask</reference>
  <statecode>0</statecode>
  <statuscode>1</statuscode>
  <type>ControlRepository</type>
</desktopflowbinary>