<desktopflowbinary desktopflowbinaryid="a1e84680-274f-ef11-accd-000d3aca4422">
  <data mimetype="application/octet-stream">ControlRepositoryImageFile_c611f0a0-64cb-498a-af36-6754629058eb.png</data>
  <iscustomizable>1</iscustomizable>
  <name>Desktop flow ui element screenshot</name>
  <process>
    <workflowid>619a9479-274f-ef11-accd-000d3aca4422</workflowid>
  </process>
  <reference>controlRepo-screenshots\f41ec8c0-aaf1-40e8-95d2-1ab683fc86d1.png</reference>
  <statecode>0</statecode>
  <statuscode>1</statuscode>
  <type>ControlRepositoryImageFile</type>
</desktopflowbinary>