<desktopflowbinary desktopflowbinaryid="a6e84680-274f-ef11-accd-000d3aca4422">
  <data mimetype="application/octet-stream">ControlRepositoryImageFile_18079a64-f82d-43d8-9f9d-6f2fde74a711.png</data>
  <iscustomizable>1</iscustomizable>
  <name>Desktop flow ui element screenshot</name>
  <process>
    <workflowid>619a9479-274f-ef11-accd-000d3aca4422</workflowid>
  </process>
  <reference>controlRepo-screenshots\73c02319-b1aa-40dd-9070-4a816a5ed78f.png</reference>
  <statecode>0</statecode>
  <statuscode>1</statuscode>
  <type>ControlRepositoryImageFile</type>
</desktopflowbinary>