<desktopflowbinary desktopflowbinaryid="564bf067-03e9-ef11-be21-000d3af22bc6">
  <data mimetype="application/json">ManifestFile_564bf067-03e9-ef11-be21-000d3af22bc6.json</data>
  <iscustomizable>1</iscustomizable>
  <name>Desktop flow manifest file</name>
  <process>
    <workflowid>eca4e961-03e9-ef11-be21-000d3af22bc6</workflowid>
  </process>
  <reference>flow.manifest</reference>
  <statecode>0</statecode>
  <statuscode>1</statuscode>
  <type>ManifestFile</type>
</desktopflowbinary>