<desktopflowbinary desktopflowbinaryid="a27b1dc1-571b-48ef-89d0-aa46c955f16e">
  <data mimetype="image/png">ControlRepositoryImageFile_a27b1dc1-571b-48ef-89d0-aa46c955f16e.png</data>
  <iscustomizable>1</iscustomizable>
  <metadata>{}</metadata>
  <mimetype>image/png</mimetype>
  <name>Desktop flow ui element screenshot</name>
  <process>
    <workflowid>82cefaf6-e92e-ef11-8e4f-002248d60bd4</workflowid>
  </process>
  <reference>controlRepo-screenshots\80819918-cf23-4b28-b913-465728f030c0.png</reference>
  <statecode>0</statecode>
  <statuscode>1</statuscode>
  <type>ControlRepositoryImageFile</type>
</desktopflowbinary>