<desktopflowbinary desktopflowbinaryid="f47cba35-c548-4d6f-81fb-46a67424cf85">
  <data mimetype="image/png">ControlRepositoryImageFile_f47cba35-c548-4d6f-81fb-46a67424cf85.png</data>
  <iscustomizable>1</iscustomizable>
  <metadata>{}</metadata>
  <mimetype>image/png</mimetype>
  <name>Desktop flow ui element screenshot</name>
  <process>
    <workflowid>82cefaf6-e92e-ef11-8e4f-002248d60bd4</workflowid>
  </process>
  <reference>controlRepo-screenshots\8e8e288d-1148-402e-a1f1-a027d279f759.png</reference>
  <statecode>0</statecode>
  <statuscode>1</statuscode>
  <type>ControlRepositoryImageFile</type>
</desktopflowbinary>