<desktopflowbinary desktopflowbinaryid="db33216a-df29-4674-9a59-66535bb8bdce">
  <data mimetype="image/png">ControlRepositoryImageFile_db33216a-df29-4674-9a59-66535bb8bdce.png</data>
  <iscustomizable>1</iscustomizable>
  <metadata>{}</metadata>
  <mimetype>image/png</mimetype>
  <name>Desktop flow ui element screenshot</name>
  <process>
    <workflowid>82cefaf6-e92e-ef11-8e4f-002248d60bd4</workflowid>
  </process>
  <reference>controlRepo-screenshots\6ad202a0-3e18-43e2-8340-dc180733a82b.png</reference>
  <statecode>0</statecode>
  <statuscode>1</statuscode>
  <type>ControlRepositoryImageFile</type>
</desktopflowbinary>