{
  "properties": {
    "connectionReferences": {
      "shared_uiflow_1": {
        "runtimeSource": "invoker",
        "connection": {
          "connectionReferenceLogicalName": "abhijith_shareduiflow_4b74c"
        },
        "api": {
          "name": "shared_uiflow"
        }
      }
    },
    "definition": {
      "$schema": "https://schema.management.azure.com/providers/Microsoft.Logic/schemas/2016-06-01/workflowdefinition.json#",
      "contentVersion": "1.0.0.0",
      "parameters": {
        "$connections": {
          "defaultValue": {},
          "type": "Object"
        },
        "$authentication": {
          "defaultValue": {},
          "type": "SecureObject"
        }
      },
      "triggers": {
        "manual": {
          "metadata": {
            "operationMetadataId": "6a4aec1c-503e-4fff-bd15-45e8d091c1ee"
          },
          "type": "Request",
          "kind": "Button",
          "inputs": {
            "schema": {
              "type": "object",
              "properties": {},
              "required": []
            }
          }
        }
      },
      "actions": {
        "Run_a_flow_built_with_Power_Automate_for_desktop": {
          "runAfter": {},
          "metadata": {
            "operationMetadataId": "61ab4579-5f02-4f86-a8c9-0b9a5997b5a6"
          },
          "type": "OpenApiConnection",
          "inputs": {
            "host": {
              "apiId": "/providers/Microsoft.PowerApps/apis/shared_uiflow",
              "connectionName": "shared_uiflow_1",
              "operationId": "RunUIFlow_V2"
            },
            "parameters": {
              "uiFlowId": "619a9479-274f-ef11-accd-000d3aca4422",
              "runMode": "attended",
              "item/in_Year": "2024",
              "item/in_bool_StartNewProcess": "True",
              "x-ms-flow-trusted-access": true
            },
            "authentication": {
              "value": "@json(decodeBase64(triggerOutputs().headers['X-MS-APIM-Tokens']))['$ConnectionKey']",
              "type": "Raw"
            }
          }
        }
      }
    },
    "templateName": null
  },
  "schemaVersion": "1.0.0.0"
}