<desktopflowbinary desktopflowbinaryid="e27e7d01-cda4-4f9a-99d0-7946da98905e">
  <data mimetype="image/png">ControlRepositoryImageFile_e27e7d01-cda4-4f9a-99d0-7946da98905e.png</data>
  <iscustomizable>1</iscustomizable>
  <metadata>{}</metadata>
  <mimetype>image/png</mimetype>
  <name>Desktop flow ui element screenshot</name>
  <process>
    <workflowid>82cefaf6-e92e-ef11-8e4f-002248d60bd4</workflowid>
  </process>
  <reference>controlRepo-screenshots\f4287d2c-96ce-46cf-a26c-4354ee480359.png</reference>
  <statecode>0</statecode>
  <statuscode>1</statuscode>
  <type>ControlRepositoryImageFile</type>
</desktopflowbinary>