<desktopflowbinary desktopflowbinaryid="ace84680-274f-ef11-accd-000d3aca4422">
  <data mimetype="application/octet-stream">ControlRepositoryImageFile_c208d0d3-f10d-4a77-8e52-809a7f9b2794.png</data>
  <iscustomizable>1</iscustomizable>
  <name>Desktop flow ui element screenshot</name>
  <process>
    <workflowid>619a9479-274f-ef11-accd-000d3aca4422</workflowid>
  </process>
  <reference>controlRepo-screenshots\602121d7-7d71-44f3-9dfc-af0d92c1ce30.png</reference>
  <statecode>0</statecode>
  <statuscode>1</statuscode>
  <type>ControlRepositoryImageFile</type>
</desktopflowbinary>