<desktopflowbinary desktopflowbinaryid="49358840-a0cb-4402-bc3b-f07561c055d9">
  <data mimetype="image/png">ControlRepositoryImageFile_49358840-a0cb-4402-bc3b-f07561c055d9.png</data>
  <iscustomizable>1</iscustomizable>
  <metadata>{}</metadata>
  <mimetype>image/png</mimetype>
  <name>Desktop flow ui element screenshot</name>
  <process>
    <workflowid>82cefaf6-e92e-ef11-8e4f-002248d60bd4</workflowid>
  </process>
  <reference>controlRepo-screenshots\78525ddf-bad0-4326-9ce1-5a6e5df0135d.png</reference>
  <statecode>0</statecode>
  <statuscode>1</statuscode>
  <type>ControlRepositoryImageFile</type>
</desktopflowbinary>