<desktopflowbinary desktopflowbinaryid="4f4bf067-03e9-ef11-be21-000d3af22bc6">
  <data mimetype="application/json">ImageRepository_5bd54ecb-0f40-4779-a4a1-839569acb349.json</data>
  <iscustomizable>1</iscustomizable>
  <name>Desktop flow images</name>
  <process>
    <workflowid>eca4e961-03e9-ef11-be21-000d3af22bc6</workflowid>
  </process>
  <reference>imageRepo.imgrepo</reference>
  <statecode>0</statecode>
  <statuscode>1</statuscode>
  <type>ImageRepository</type>
</desktopflowbinary>