<desktopflowbinary desktopflowbinaryid="ee35d84e-82e8-ef11-be21-000d3a0aa66f">
  <data mimetype="application/json">ManifestFile_ee35d84e-82e8-ef11-be21-000d3a0aa66f.json</data>
  <iscustomizable>1</iscustomizable>
  <name>Desktop flow manifest file</name>
  <process>
    <workflowid>e035d84e-82e8-ef11-be21-000d3a0aa66f</workflowid>
  </process>
  <reference>flow.manifest</reference>
  <statecode>0</statecode>
  <statuscode>1</statuscode>
  <type>ManifestFile</type>
</desktopflowbinary>