<desktopflowbinary desktopflowbinaryid="d2f702bc-1731-4ffc-b0d5-354aafdc644b">
  <data mimetype="image/png">ControlRepositoryImageFile_d2f702bc-1731-4ffc-b0d5-354aafdc644b.png</data>
  <iscustomizable>1</iscustomizable>
  <metadata>{}</metadata>
  <mimetype>image/png</mimetype>
  <name>Desktop flow ui element screenshot</name>
  <process>
    <workflowid>82cefaf6-e92e-ef11-8e4f-002248d60bd4</workflowid>
  </process>
  <reference>controlRepo-screenshots\82e07a09-9986-427c-bedd-ec3266879d7d.png</reference>
  <statecode>0</statecode>
  <statuscode>1</statuscode>
  <type>ControlRepositoryImageFile</type>
</desktopflowbinary>