<desktopflowbinary desktopflowbinaryid="d3bc5675-29e7-4eac-b4c7-3df7dabe1994">
  <data mimetype="image/png">ControlRepositoryImageFile_d3bc5675-29e7-4eac-b4c7-3df7dabe1994.png</data>
  <iscustomizable>1</iscustomizable>
  <metadata>{}</metadata>
  <mimetype>image/png</mimetype>
  <name>Desktop flow ui element screenshot</name>
  <process>
    <workflowid>82cefaf6-e92e-ef11-8e4f-002248d60bd4</workflowid>
  </process>
  <reference>controlRepo-screenshots\e17fbaa8-f869-4623-8156-1bf2ad242559.png</reference>
  <statecode>0</statecode>
  <statuscode>1</statuscode>
  <type>ControlRepositoryImageFile</type>
</desktopflowbinary>