<desktopflowbinary desktopflowbinaryid="c0672ff9-2bca-4898-af85-1634cd64fe97">
  <data mimetype="image/png">ControlRepositoryImageFile_c0672ff9-2bca-4898-af85-1634cd64fe97.png</data>
  <iscustomizable>1</iscustomizable>
  <metadata>{}</metadata>
  <mimetype>image/png</mimetype>
  <name>Desktop flow ui element screenshot</name>
  <process>
    <workflowid>82cefaf6-e92e-ef11-8e4f-002248d60bd4</workflowid>
  </process>
  <reference>controlRepo-screenshots\62842afb-4939-4dea-957d-9ff813460b23.png</reference>
  <statecode>0</statecode>
  <statuscode>1</statuscode>
  <type>ControlRepositoryImageFile</type>
</desktopflowbinary>