<desktopflowbinary desktopflowbinaryid="fe4fae8c-b625-4f35-9d30-debdf147ed1a">
  <data mimetype="image/png">ControlRepositoryImageFile_fe4fae8c-b625-4f35-9d30-debdf147ed1a.png</data>
  <iscustomizable>1</iscustomizable>
  <metadata>{}</metadata>
  <mimetype>image/png</mimetype>
  <name>Desktop flow ui element screenshot</name>
  <process>
    <workflowid>82cefaf6-e92e-ef11-8e4f-002248d60bd4</workflowid>
  </process>
  <reference>controlRepo-screenshots\6ddbf6a2-25ef-4edb-bc7b-38dea1c30235.png</reference>
  <statecode>0</statecode>
  <statuscode>1</statuscode>
  <type>ControlRepositoryImageFile</type>
</desktopflowbinary>