<desktopflowbinary desktopflowbinaryid="c4484f7f-8db0-49cc-a8ab-c81cdfb1d1d8">
  <data mimetype="image/png">ControlRepositoryImageFile_c4484f7f-8db0-49cc-a8ab-c81cdfb1d1d8.png</data>
  <iscustomizable>1</iscustomizable>
  <metadata>{}</metadata>
  <mimetype>image/png</mimetype>
  <name>Desktop flow ui element screenshot</name>
  <process>
    <workflowid>82cefaf6-e92e-ef11-8e4f-002248d60bd4</workflowid>
  </process>
  <reference>controlRepo-screenshots\2328759c-dfdf-4468-ae2e-767b4d08e5d8.png</reference>
  <statecode>0</statecode>
  <statuscode>1</statuscode>
  <type>ControlRepositoryImageFile</type>
</desktopflowbinary>