<desktopflowbinary desktopflowbinaryid="e869e0bb-c019-49f9-b969-b7771497ece3">
  <data mimetype="image/png">ControlRepositoryImageFile_e869e0bb-c019-49f9-b969-b7771497ece3.png</data>
  <iscustomizable>1</iscustomizable>
  <metadata>{}</metadata>
  <mimetype>image/png</mimetype>
  <name>Desktop flow ui element screenshot</name>
  <process>
    <workflowid>82cefaf6-e92e-ef11-8e4f-002248d60bd4</workflowid>
  </process>
  <reference>controlRepo-screenshots\f27ddc83-fb3c-4c7d-8b81-2af4ec28e09a.png</reference>
  <statecode>0</statecode>
  <statuscode>1</statuscode>
  <type>ControlRepositoryImageFile</type>
</desktopflowbinary>