<desktopflowbinary desktopflowbinaryid="f035d84e-82e8-ef11-be21-000d3a0aa66f">
  <data mimetype="application/json">ControlRepository_451da67a-904b-40b8-88ab-9af114aa51c3.json</data>
  <iscustomizable>1</iscustomizable>
  <name>Desktop flow ui elements</name>
  <process>
    <workflowid>e035d84e-82e8-ef11-be21-000d3a0aa66f</workflowid>
  </process>
  <reference>controlRepo.appmask</reference>
  <statecode>0</statecode>
  <statuscode>1</statuscode>
  <type>ControlRepository</type>
</desktopflowbinary>