<desktopflowbinary desktopflowbinaryid="c208d0d3-f10d-4a77-8e52-809a7f9b2794">
  <data mimetype="image/png">ControlRepositoryImageFile_c208d0d3-f10d-4a77-8e52-809a7f9b2794.png</data>
  <iscustomizable>1</iscustomizable>
  <metadata>{}</metadata>
  <mimetype>image/png</mimetype>
  <name>Desktop flow ui element screenshot</name>
  <process>
    <workflowid>82cefaf6-e92e-ef11-8e4f-002248d60bd4</workflowid>
  </process>
  <reference>controlRepo-screenshots\602121d7-7d71-44f3-9dfc-af0d92c1ce30.png</reference>
  <statecode>0</statecode>
  <statuscode>1</statuscode>
  <type>ControlRepositoryImageFile</type>
</desktopflowbinary>