<desktopflowbinary desktopflowbinaryid="a6ed0ffd-e92e-ef11-8e4f-002248d60bd4">
  <data mimetype="application/json">ManifestFile_a6ed0ffd-e92e-ef11-8e4f-002248d60bd4.json</data>
  <iscustomizable>1</iscustomizable>
  <name>Desktop flow manifest file</name>
  <process>
    <workflowid>82cefaf6-e92e-ef11-8e4f-002248d60bd4</workflowid>
  </process>
  <reference>flow.manifest</reference>
  <statecode>0</statecode>
  <statuscode>1</statuscode>
  <type>ManifestFile</type>
</desktopflowbinary>