<desktopflowbinary desktopflowbinaryid="ea35d84e-82e8-ef11-be21-000d3a0aa66f">
  <data mimetype="application/json">ImageRepository_efec45ae-b020-41c8-9336-3ab107f189c7.json</data>
  <iscustomizable>1</iscustomizable>
  <name>Desktop flow images</name>
  <process>
    <workflowid>e035d84e-82e8-ef11-be21-000d3a0aa66f</workflowid>
  </process>
  <reference>imageRepo.imgrepo</reference>
  <statecode>0</statecode>
  <statuscode>1</statuscode>
  <type>ImageRepository</type>
</desktopflowbinary>