<desktopflowbinary desktopflowbinaryid="7de49689-0352-4133-a62b-af451b469cb0">
  <data mimetype="image/png">ControlRepositoryImageFile_7de49689-0352-4133-a62b-af451b469cb0.png</data>
  <iscustomizable>1</iscustomizable>
  <metadata>{}</metadata>
  <mimetype>image/png</mimetype>
  <name>Desktop flow ui element screenshot</name>
  <process>
    <workflowid>82cefaf6-e92e-ef11-8e4f-002248d60bd4</workflowid>
  </process>
  <reference>controlRepo-screenshots\5c70b6f2-be80-4a99-ae05-34a7ee0d237f.png</reference>
  <statecode>0</statecode>
  <statuscode>1</statuscode>
  <type>ControlRepositoryImageFile</type>
</desktopflowbinary>