<desktopflowbinary desktopflowbinaryid="66e84680-274f-ef11-accd-000d3aca4422">
  <data mimetype="application/octet-stream">ControlRepository_ed80d406-1c3c-4a54-ad05-c4681f521b94.json</data>
  <iscustomizable>1</iscustomizable>
  <name>Desktop flow ui elements</name>
  <process>
    <workflowid>619a9479-274f-ef11-accd-000d3aca4422</workflowid>
  </process>
  <reference>controlRepo.appmask</reference>
  <statecode>0</statecode>
  <statuscode>1</statuscode>
  <type>ControlRepository</type>
</desktopflowbinary>