<desktopflowbinary desktopflowbinaryid="a916b584-7ee8-ef11-be21-000d3a0aa66f">
  <data mimetype="application/json">ImageRepository_c90e0b0f-5345-454e-ba95-c81c3d88c16b.json</data>
  <iscustomizable>1</iscustomizable>
  <name>Desktop flow images</name>
  <process>
    <workflowid>ffc6bc7e-7ee8-ef11-be21-000d3a0aa66f</workflowid>
  </process>
  <reference>imageRepo.imgrepo</reference>
  <statecode>0</statecode>
  <statuscode>1</statuscode>
  <type>ImageRepository</type>
</desktopflowbinary>