<desktopflowbinary desktopflowbinaryid="819b6710-842d-499a-b1bf-0715bde7c8db">
  <data mimetype="image/png">ControlRepositoryImageFile_819b6710-842d-499a-b1bf-0715bde7c8db.png</data>
  <iscustomizable>1</iscustomizable>
  <metadata>{}</metadata>
  <mimetype>image/png</mimetype>
  <name>Desktop flow ui element screenshot</name>
  <process>
    <workflowid>82cefaf6-e92e-ef11-8e4f-002248d60bd4</workflowid>
  </process>
  <reference>controlRepo-screenshots\453251db-7f78-4b1d-a1d8-a1db0defd647.png</reference>
  <statecode>0</statecode>
  <statuscode>1</statuscode>
  <type>ControlRepositoryImageFile</type>
</desktopflowbinary>