<desktopflowbinary desktopflowbinaryid="793faf9e-d98f-44e6-8525-0483435a6cd8">
  <data mimetype="image/png">ControlRepositoryImageFile_793faf9e-d98f-44e6-8525-0483435a6cd8.png</data>
  <iscustomizable>1</iscustomizable>
  <metadata>{}</metadata>
  <mimetype>image/png</mimetype>
  <name>Desktop flow ui element screenshot</name>
  <process>
    <workflowid>82cefaf6-e92e-ef11-8e4f-002248d60bd4</workflowid>
  </process>
  <reference>controlRepo-screenshots\a27269eb-7da7-469f-be21-c5c4e12b74c6.png</reference>
  <statecode>0</statecode>
  <statuscode>1</statuscode>
  <type>ControlRepositoryImageFile</type>
</desktopflowbinary>