<desktopflowbinary desktopflowbinaryid="945da956-7736-4758-bd33-c93815d715f8">
  <data mimetype="image/png">ControlRepositoryImageFile_945da956-7736-4758-bd33-c93815d715f8.png</data>
  <iscustomizable>1</iscustomizable>
  <metadata>{}</metadata>
  <mimetype>image/png</mimetype>
  <name>Desktop flow ui element screenshot</name>
  <process>
    <workflowid>82cefaf6-e92e-ef11-8e4f-002248d60bd4</workflowid>
  </process>
  <reference>controlRepo-screenshots\e4d4b96c-a17e-4213-87f0-e0ea3ee890ee.png</reference>
  <statecode>0</statecode>
  <statuscode>1</statuscode>
  <type>ControlRepositoryImageFile</type>
</desktopflowbinary>