<desktopflowbinary desktopflowbinaryid="468ac125-b4b5-4f07-8cdc-9344919e3461">
  <data mimetype="image/png">ControlRepositoryImageFile_468ac125-b4b5-4f07-8cdc-9344919e3461.png</data>
  <iscustomizable>1</iscustomizable>
  <metadata>{}</metadata>
  <mimetype>image/png</mimetype>
  <name>Desktop flow ui element screenshot</name>
  <process>
    <workflowid>82cefaf6-e92e-ef11-8e4f-002248d60bd4</workflowid>
  </process>
  <reference>controlRepo-screenshots\829db2e6-61a6-4008-84e6-f7405c9d66a1.png</reference>
  <statecode>0</statecode>
  <statuscode>1</statuscode>
  <type>ControlRepositoryImageFile</type>
</desktopflowbinary>