<desktopflowbinary desktopflowbinaryid="44bb49cd-28a6-4e15-91ac-2c80c2b2cadd">
  <data mimetype="image/png">ControlRepositoryImageFile_44bb49cd-28a6-4e15-91ac-2c80c2b2cadd.png</data>
  <iscustomizable>1</iscustomizable>
  <metadata>{}</metadata>
  <mimetype>image/png</mimetype>
  <name>Desktop flow ui element screenshot</name>
  <process>
    <workflowid>82cefaf6-e92e-ef11-8e4f-002248d60bd4</workflowid>
  </process>
  <reference>controlRepo-screenshots\7998ce7d-47a3-42ba-bba7-eee566595af2.png</reference>
  <statecode>0</statecode>
  <statuscode>1</statuscode>
  <type>ControlRepositoryImageFile</type>
</desktopflowbinary>