<desktopflowbinary desktopflowbinaryid="b0962994-f282-4654-b75a-675a4643dc31">
  <data mimetype="image/png">ControlRepositoryImageFile_b0962994-f282-4654-b75a-675a4643dc31.png</data>
  <iscustomizable>1</iscustomizable>
  <metadata>{}</metadata>
  <mimetype>image/png</mimetype>
  <name>Desktop flow ui element screenshot</name>
  <process>
    <workflowid>82cefaf6-e92e-ef11-8e4f-002248d60bd4</workflowid>
  </process>
  <reference>controlRepo-screenshots\90c33784-0202-4655-a0b4-ab702942dd03.png</reference>
  <statecode>0</statecode>
  <statuscode>1</statuscode>
  <type>ControlRepositoryImageFile</type>
</desktopflowbinary>